year,births,deaths,net,turnover,birth_death_ratio,net_rate_per_1000,turnover_rate_per_1000
1950,91823940,48486892,43337048,140310832,1.8937889440304814,17.382845554763158,56.27982603513557
1951,92507130,48176160,44330970,140683290,1.9201847967957595,17.47427868672395,55.45421216872097
1952,97371460,47383364,49988096,144754824,2.0549714452523884,19.34459202319068,56.017796990482914
1953,97291460,47239576,50051884,144531036,2.0595328798040016,19.001467450682068,54.86909895674174
1954,100187860,46662428,53525432,146850288,2.1470777302887023,19.928342265707688,54.674622730401246
1955,101747970,46635656,55112314,148383626,2.181763455841599,20.112413885533183,54.150382797357466
1956,101759016,46479064,55279952,148238080,2.189351661642756,19.775257360450638,53.02910144746635
1957,106017736,46880776,59136960,152898512,2.2614330445383413,20.730764910730006,53.599358294244944
1958,104644160,46518264,58125896,151162424,2.2495284862736926,19.965960521700648,51.923552110896914
1959,101999840,50724510,51275330,152724350,2.0108590501909234,17.287993374535077,51.49255111435024
1960,102378080,54612440,47765640,156990520,1.8746292969147689,15.840192712269955,52.061693108256705
1961,100950940,49918924,51032016,150869864,2.022297996647524,16.650631645536446,49.22553974501379
1962,112038710,46061450,65977260,158100160,2.4323747949749737,21.123712180930557,50.61838390377336
1963,119802890,46913210,72889680,166716100,2.553713335753405,22.829335172144496,52.216139863596034
1964,117292200,46822880,70469320,164115080,2.5050189138301615,21.586642126552118,50.27284922758544
1965,117837010,48213548,69623462,166050558,2.444064270067824,20.879519613553406,49.79723476839585
1966,117232950,47841524,69391426,165074474,2.450443468314262,20.38501396709475,48.4936778515089
1967,116920264,47568790,69351474,164489054,2.4579196569851787,19.96637786979679,47.35660856479286
1968,121825890,47629250,74196640,169455140,2.5577956822750725,20.928835305868635,47.79864312983597
1969,122227970,47815950,74412020,170043920,2.5562175382900474,20.558694041620427,46.980056782731886
1970,124135900,48163468,75972432,172299368,2.5773870768608274,20.562634378448248,46.63440164481908
1971,123739680,49384108,74355572,173123788,2.5056578930209694,19.723759319542854,45.92328234660829
1972,123554020,47770224,75783796,171324244,2.5864232916303678,19.710121835731865,44.55862467821821
1973,123563930,47573276,75990654,171137206,2.5973391027349053,19.38139060865383,43.6484865251937
1974,122709410,47478096,75231314,170187506,2.5845478302247,18.824694956063258,42.58503162370905
1975,121030100,47622990,73407110,168653090,2.5414216956978133,18.032887173649105,41.43062086843206
1976,121322350,47707256,73615094,169029606,2.543058649191645,17.763204021782506,40.78657261647336
1977,120786520,47166790,73619730,167953310,2.560838250811641,17.454269165784126,39.81951957748804
1978,122140650,47293144,74847506,169433794,2.582629101588171,17.438444960171207,39.47575609348943
1979,125000296,46963884,78036412,171964180,2.6616260273532744,17.863272529122046,39.36422669698087
1980,127446984,47349924,80097060,174796908,2.69159849126685,18.009026806293893,39.30134516584364
1981,129715840,47470790,82245050,177186630,2.7325401578528608,18.16054189527861,39.124606494837444
1982,133206504,47659344,85547160,180865848,2.794971412111757,18.546112482580778,39.210633775163984
1983,131967710,48206576,83761134,180174286,2.7375458070284853,17.831656979056504,38.35676418132571
1984,134365260,48430624,85934636,182795884,2.7743863056565203,17.9697787495553,38.224419683460056
1985,136373950,48772812,87601138,185146762,2.7961059534562,17.991816658716232,38.02606533329475
1986,139301170,48643612,90657558,187944782,2.863709421907238,18.284837868232053,37.90682148145021
1987,141346560,48657012,92689548,190003572,2.904957665711162,18.355287739509627,37.626359291283144
1988,140985950,49183184,91802766,190169134,2.8665478428562086,17.853539320770775,36.98354918266762
1989,142249020,49178264,93070756,191427284,2.892518125487309,17.780489018493146,36.57078621991604
1990,143461420,49794344,93667076,193255764,2.881078622102141,17.58080659822341,36.27306793345302
1991,138306860,50108430,88198430,188415290,2.7601515353803743,16.276569269203907,34.77107834076119
1992,136591250,50281870,86309380,186873120,2.7165109412199664,15.675542981366739,33.939968339734385
1993,135632140,50831804,84800336,186463944,2.6682535209649454,15.165815352077367,33.34748278030519
1994,135142910,51930610,83212300,187073520,2.602374784351657,14.661536160510877,32.96129512288513
1995,134850050,51406890,83443160,186256940,2.623190198823543,14.489479694443663,32.34256888256883
1996,134321020,51410956,82910064,185731976,2.6126925163577974,14.19193308517103,31.79222941099879
1997,133985670,51432010,82553660,185417680,2.605102736603139,13.933606151305787,31.29524392508882
1998,133857530,51853504,82004026,185711034,2.5814558260132237,13.651259461271062,30.91542737127238
1999,134058670,52183584,81875086,186242254,2.568981655227054,13.44637886538258,30.586641558175764
2000,135758480,52240370,83518110,187998850,2.5987273826735913,13.532425346498268,30.461422113749055
2001,135380000,52431244,82948756,187811244,2.582048215373261,13.261326710096538,30.026083411228715
2002,135396480,52757536,82638944,188154016,2.5663912734666,13.039201658567631,29.687917569389082
2003,135700800,53077070,82623730,188777870,2.5566746619585445,12.869014975001175,29.40299640283518
2004,136596320,53187800,83408520,189784120,2.568188945585266,12.825415176319726,29.182392073045825
2005,137166460,53390436,83776024,190556896,2.569120431981488,12.718446011013429,28.92936998063194
2006,138469300,53281776,85187524,191751076,2.598811646218399,12.768963001965645,28.742030288743955
2007,139935790,53410050,86525740,193345840,2.6200273169562656,12.804763385582485,28.612846683387964
2008,141758720,53987020,87771700,195745740,2.6257926442318915,12.823762578848909,28.599160043397678
2009,142968320,54122624,88845696,197090944,2.641562981129666,12.815330947102833,28.42890300546367
2010,143354240,54268588,89085652,197622828,2.6415693734283265,12.687133343417257,28.144455523985087
2011,143878780,54581440,89297340,198460220,2.6360385508333968,12.557769264671318,27.909203689336184
2012,146054880,54794788,91260092,200849668,2.6654885497503886,12.67289626681151,27.891129101508373
2013,145014780,55092620,89922160,200107400,2.632199739275424,12.331967293339119,27.442822903221277
2014,145268260,55545320,89722940,200813580,2.615310524811091,12.154917987467053,27.204554327685365
2015,144333950,56305970,88027980,200639920,2.563386262593469,11.783424901752747,26.857658549175834
2016,144854100,56756910,88097190,201611010,2.5521843948164196,11.655295954445656,26.673222939627276
2017,143601810,57572256,86029554,201174066,2.494288394743468,11.252138746678511,26.312335675545405
2018,140332740,57792804,82539936,198125544,2.4282043833692515,10.678004414782304,25.631052506669565
2019,138596780,58354932,80241848,196951712,2.37506540149854,10.27254269165075,25.213712297773892
2020,134719620,63546316,71173304,198265936,2.120022504530396,9.02412734473182,25.13831667258905
2021,133448840,69728100,63720740,203176940,1.9138459243834265,8.010705067134406,25.542555575827638
2022,132475390,62278628,70196762,194754018,2.127140469440014,8.751177977226329,24.27928332788256
2023,132110264,61651610,70458654,193761874,2.1428518087362196,8.707484190152229,23.945652644872666
